{"cameraMode":{"drawMode":0,"name":"Shaded","section":"Shading Mode"},"sceneLighting":true,"audioPlay":false,"sceneViewState":{"showFog":true,"showMaterialUpdate":false,"showSkybox":true,"showFlares":true,"showImageEffects":true,"showParticleSystems":true},"in2DMode":false,"pivot":{"x":0.3565995693206787,"y":-0.49999094009399416,"z":1.1339645385742188},"rotation":{"x":-0.365824431180954,"y":-0.3568266034126282,"z":0.154372438788414,"w":-0.8455864191055298},"size":7.0152506828308109,"orthographic":false}