{"cameraMode":{"drawMode":0,"name":"Shaded","section":"Shading Mode"},"sceneLighting":false,"audioPlay":false,"sceneViewState":{"showFog":true,"showMaterialUpdate":false,"showSkybox":true,"showFlares":true,"showImageEffects":true,"showParticleSystems":true},"in2DMode":false,"pivot":{"x":0.0,"y":0.7391833066940308,"z":0.010288536548614502},"rotation":{"x":-0.16492801904678346,"y":-0.2786814570426941,"z":0.048644229769706729,"w":-0.9448646306991577},"size":3.7131569385528566,"orthographic":false}