{"cameraMode":{"drawMode":0,"name":"Shaded","section":"Shading Mode"},"sceneLighting":true,"audioPlay":false,"sceneViewState":{"showFog":true,"showMaterialUpdate":false,"showSkybox":true,"showFlares":true,"showImageEffects":true,"showParticleSystems":true},"in2DMode":false,"pivot":{"x":2.704573154449463,"y":0.9046350717544556,"z":0.8660943508148193},"rotation":{"x":-0.365824431180954,"y":-0.3568266034126282,"z":0.154372438788414,"w":-0.8455864191055298},"size":0.7131573557853699,"orthographic":false}