{"cameraMode":{"drawMode":0,"name":"Shaded","section":"Shading Mode"},"sceneLighting":false,"audioPlay":false,"sceneViewState":{"showFog":true,"showMaterialUpdate":false,"showSkybox":true,"showFlares":true,"showImageEffects":true,"showParticleSystems":true},"in2DMode":false,"pivot":{"x":0.8470268249511719,"y":0.23986315727233888,"z":-0.7433990240097046},"rotation":{"x":-0.09314870089292526,"y":-0.8699057102203369,"z":0.1802462935447693,"w":-0.4495539963245392},"size":3.7131569385528566,"orthographic":false}