{"cameraMode":{"drawMode":0,"name":"Shaded","section":"Shading Mode"},"sceneLighting":true,"audioPlay":false,"sceneViewState":{"showFog":true,"showMaterialUpdate":true,"showSkybox":true,"showFlares":true,"showImageEffects":true,"showParticleSystems":true},"in2DMode":false,"pivot":{"x":-552.86865234375,"y":-15.838113784790039,"z":-232.12213134765626},"rotation":{"x":-0.012230578809976578,"y":0.8441343903541565,"z":-0.01927802339196205,"w":-0.5356453061103821},"size":557.8679809570313,"orthographic":false}