{"cameraMode":{"drawMode":0,"name":"Shaded","section":"Shading Mode"},"sceneLighting":true,"audioPlay":false,"sceneViewState":{"showFog":true,"showMaterialUpdate":false,"showSkybox":true,"showFlares":true,"showImageEffects":true,"showParticleSystems":true},"in2DMode":false,"pivot":{"x":0.9159882068634033,"y":0.7888007164001465,"z":-0.15178555250167848},"rotation":{"x":-0.003841506317257881,"y":-0.9951038956642151,"z":-0.04300130531191826,"w":0.0889061838388443},"size":2.005944013595581,"orthographic":false}