{"cameraMode":{"drawMode":0,"name":"Shaded","section":"Shading Mode"},"sceneLighting":true,"audioPlay":false,"sceneViewState":{"showFog":true,"showMaterialUpdate":false,"showSkybox":true,"showFlares":true,"showImageEffects":true,"showParticleSystems":true},"in2DMode":false,"pivot":{"x":-1.1025352478027344,"y":-2.512765407562256,"z":8.79888916015625},"rotation":{"x":0.2107861042022705,"y":-0.48754432797431948,"z":0.12258117645978928,"w":0.83835768699646},"size":6.166906833648682,"orthographic":false}