{"cameraMode":{"drawMode":0,"name":"Shaded","section":"Shading Mode"},"sceneLighting":true,"audioPlay":false,"sceneViewState":{"showFog":true,"showMaterialUpdate":true,"showSkybox":true,"showFlares":true,"showImageEffects":true,"showParticleSystems":true},"in2DMode":false,"pivot":{"x":1.5329314470291138,"y":-6.768484115600586,"z":-7.4766669273376469},"rotation":{"x":-0.011603040620684624,"y":0.9019288420677185,"z":-0.4310457706451416,"w":-0.02427615411579609},"size":24.47077751159668,"orthographic":false}