{"cameraMode":{"drawMode":0,"name":"Shaded","section":"Shading Mode"},"sceneLighting":true,"audioPlay":false,"sceneViewState":{"showFog":true,"showMaterialUpdate":true,"showSkybox":true,"showFlares":true,"showImageEffects":true,"showParticleSystems":true},"in2DMode":false,"pivot":{"x":-1.8055258989334107,"y":10.15373706817627,"z":6.369112968444824},"rotation":{"x":0.10465624183416367,"y":0.18993625044822694,"z":-0.020367825403809549,"w":0.9759899973869324},"size":42.57622146606445,"orthographic":false}