{"cameraMode":{"drawMode":0,"name":"Shaded","section":"Shading Mode"},"sceneLighting":true,"audioPlay":false,"sceneViewState":{"showFog":true,"showMaterialUpdate":true,"showSkybox":true,"showFlares":true,"showImageEffects":true,"showParticleSystems":true},"in2DMode":false,"pivot":{"x":-0.05731707811355591,"y":-0.040991008281707767,"z":0.196518674492836},"rotation":{"x":0.06766892224550247,"y":-0.7753432393074036,"z":0.08432354032993317,"w":0.6222164630889893},"size":2.495030641555786,"orthographic":false}