{"cameraMode":{"drawMode":0,"name":"Shaded","section":"Shading Mode"},"sceneLighting":true,"audioPlay":false,"sceneViewState":{"showFog":true,"showMaterialUpdate":true,"showSkybox":true,"showFlares":true,"showImageEffects":true,"showParticleSystems":true},"in2DMode":false,"pivot":{"x":-73.50369262695313,"y":505.67071533203127,"z":33.144195556640628},"rotation":{"x":0.5572473406791687,"y":0.40979552268981936,"z":0.3672235608100891,"w":-0.6218440532684326},"size":506.65234375,"orthographic":false}