{"cameraMode":{"drawMode":0,"name":"Shaded","section":"Shading Mode"},"sceneLighting":true,"audioPlay":false,"sceneViewState":{"showFog":true,"showMaterialUpdate":true,"showSkybox":true,"showFlares":true,"showImageEffects":true,"showParticleSystems":true},"in2DMode":false,"pivot":{"x":-74.2179946899414,"y":9.919523239135743,"z":79.40179443359375},"rotation":{"x":-0.04465813189744949,"y":0.641726553440094,"z":-0.03747764602303505,"w":-0.7647144794464111},"size":67.2801742553711,"orthographic":false}