{"cameraMode":{"drawMode":0,"name":"Shaded","section":"Shading Mode"},"sceneLighting":true,"audioPlay":false,"sceneViewState":{"showFog":true,"showMaterialUpdate":true,"showSkybox":true,"showFlares":true,"showImageEffects":true,"showParticleSystems":true},"in2DMode":false,"pivot":{"x":-682.0138549804688,"y":-158.88336181640626,"z":436.5669860839844},"rotation":{"x":-0.2508476674556732,"y":0.23137608170509339,"z":-0.061883240938186648,"w":-0.9379291534423828},"size":3190.72314453125,"orthographic":false}