{"cameraMode":{"drawMode":0,"name":"Shaded","section":"Shading Mode"},"sceneLighting":true,"audioPlay":false,"sceneViewState":{"showFog":true,"showMaterialUpdate":true,"showSkybox":true,"showFlares":true,"showImageEffects":true,"showParticleSystems":true},"in2DMode":false,"pivot":{"x":-4.901812553405762,"y":-1.5163583755493165,"z":5.856272220611572},"rotation":{"x":-0.0016727828187868,"y":-0.015475364401936531,"z":-0.000025882971385726705,"w":0.9998789429664612},"size":11.668234825134278,"orthographic":false}