{"cameraMode":{"drawMode":0,"name":"Shaded","section":"Shading Mode"},"sceneLighting":true,"audioPlay":false,"sceneViewState":{"showFog":true,"showMaterialUpdate":false,"showSkybox":true,"showFlares":true,"showImageEffects":true,"showParticleSystems":true},"in2DMode":false,"pivot":{"x":8.733743667602539,"y":-16.05544090270996,"z":54.64385223388672},"rotation":{"x":-0.07516560703516007,"y":0.043957941234111789,"z":-0.0033166538923978807,"w":-0.9961961507797241},"size":5.241570949554443,"orthographic":false}